{"Keys":["com.unity.services.core.cloud-environment","com.unity.services.leaderboards.version","com.unity.services.leaderboards.initializer-assembly-qualified-names","com.unity.services.core.version","com.unity.services.core.initializer-assembly-qualified-names","com.unity.services.authentication.version","com.unity.services.authentication.initializer-assembly-qualified-names","com.unity.services.analytics.version","com.unity.services.analytics.initializer-assembly-qualified-names","com.unity.purchasing.version","com.unity.purchasing.initializer-assembly-qualified-names","com.unity.services.core.all-package-names","com.unity.services.core.environment-name"],"Values":[{"m_Value":"production","m_IsReadOnly":false},{"m_Value":"2.0.0","m_IsReadOnly":true},{"m_Value":"Unity.Services.Leaderboards.LeaderboardsInitializer, Unity.Services.Leaderboards, Version=0.0.0.0, Culture=neutral, PublicKeyToken=null","m_IsReadOnly":true},{"m_Value":"1.12.5","m_IsReadOnly":true},{"m_Value":"Unity.Services.Core.Registration.CorePackageInitializer, Unity.Services.Core.Registration, Version=0.0.0.0, Culture=neutral, PublicKeyToken=null;Unity.Services.Core.Internal.IInitializablePackageV2, Unity.Services.Core.Internal, Version=0.0.0.0, Culture=neutral, PublicKeyToken=null","m_IsReadOnly":true},{"m_Value":"3.1.0","m_IsReadOnly":true},{"m_Value":"Unity.Services.Authentication.PlayerAccounts.PlayerAccountsPackageInitializer, Unity.Services.Authentication.PlayerAccounts, Version=0.0.0.0, Culture=neutral, PublicKeyToken=null;Unity.Services.Authentication.AuthenticationPackageInitializer, Unity.Services.Authentication, Version=0.0.0.0, Culture=neutral, PublicKeyToken=null","m_IsReadOnly":true},{"m_Value":"5.0.0","m_IsReadOnly":true},{"m_Value":"Ua2CoreInitializeCallback, Unity.Services.Analytics, Version=0.0.0.0, Culture=neutral, PublicKeyToken=null","m_IsReadOnly":true},{"m_Value":"4.11.0","m_IsReadOnly":true},{"m_Value":"UnityEngine.Purchasing.Registration.IapCoreInitializeCallback, UnityEngine.Purchasing.Stores, Version=0.0.0.0, Culture=neutral, PublicKeyToken=null","m_IsReadOnly":true},{"m_Value":"com.unity.services.leaderboards;com.unity.services.core;com.unity.services.authentication;com.unity.services.analytics;com.unity.purchasing","m_IsReadOnly":false},{"m_Value":"production","m_IsReadOnly":false}]}